Timestamp,Time (s),Battery Voltage (V),Battery Current (A),RPM,Kv,Power (kW),Controller Temp (¬∞C),External Temp (¬∞C),Gear,Regen,Brake,Park,Stand,Reverse,Controller Status,Vd (V),Vq (V),Id (A),Iq (A),Power Angle (¬∞),Mode,Setting ID,Flux Weaken,Flux Compensation,Current Limit,RPM Limit,Kp,Ki,Overmodulation Limit,peak_rpm_history,Flux Cal,Vol Cal,Cur Cal
2025-06-06 15:38:16.261694,164.2162618637085,50.1,4.2,231,4.610778443113772,0.21042,44,25,S,True,False,False,False,False,RUN,1.86,11.41,0.01,-0.83,170.05109633544345,‚ùî Kh√¥ng r√µ thi√™n h∆∞·ªõng,6842a75a,500,14,30,600,9000,350,12,366,3.0,1123.0,127.0
2025-06-06 15:38:16.816852,164.7741243839264,50.3,-0.8,219,4.353876739562624,-0.04024,44,25,S,True,False,False,False,False,RUN,2.54,10.5,0.02,-0.97,165.21993148626763,‚ùî Kh√¥ng r√µ thi√™n h∆∞·ªõng,6842a75a,500,14,30,600,9000,350,12,366,3.0,1123.0,127.0
2025-06-06 15:38:17.386708,165.33595156669617,50.3,-2.0,210,4.174950298210736,-0.1006,44,25,S,True,False,False,False,False,RUN,1.21,10.43,0.0,-1.09,173.3826116518168,‚ùî Kh√¥ng r√µ thi√™n h∆∞·ªõng,6842a75a,500,14,30,600,9000,350,12,366,3.0,1123.0,127.0
2025-06-06 15:38:17.976730,165.92288446426392,50.4,-2.0,190,3.7698412698412698,-0.1008,44,25,S,True,False,False,False,False,RUN,1.53,9.16,0.04,-1.47,168.95870830443266,‚ùî Kh√¥ng r√µ thi√™n h∆∞·ªõng,6842a75a,500,14,30,600,9000,350,12,366,3.0,1123.0,127.0
2025-06-06 15:38:18.539464,166.48956966400146,50.4,-2.0,163,3.234126984126984,-0.1008,44,25,S,True,False,False,False,False,RUN,1.51,7.63,0.0,-1.88,168.805641306723,‚ùî Kh√¥ng r√µ thi√™n h∆∞·ªõng,6842a75a,500,14,30,600,9000,350,12,366,3.0,1123.0,127.0
2025-06-06 15:38:19.161628,167.11628985404968,50.5,-2.0,134,2.6534653465346536,-0.101,44,25,S,True,False,False,False,False,RUN,1.21,5.56,-0.02,-2.91,168.11617138069542,‚ùî Kh√¥ng r√µ thi√™n h∆∞·ªõng,6842a75a,500,14,30,600,9000,350,12,366,3.0,1123.0,127.0
2025-06-06 15:38:19.719248,167.6715829372406,50.5,-1.9,123,2.435643564356436,-0.09595,44,25,S,True,False,False,False,False,RUN,1.56,4.52,-0.02,-2.99,161.3420129071954,‚ùî Kh√¥ng r√µ thi√™n h∆∞·ªõng,6842a75a,500,14,30,600,9000,350,12,366,3.0,1123.0,127.0
2025-06-06 15:38:20.270595,168.2214686870575,50.5,-1.7,108,2.1386138613861387,-0.08585,44,25,S,True,False,False,False,False,RUN,1.35,4.02,0.02,-2.96,161.0497451591035,‚ùî Kh√¥ng r√µ thi√™n h∆∞·ªõng,6842a75a,500,14,30,600,9000,350,12,366,3.0,1123.0,127.0
2025-06-06 15:38:20.831550,168.7832157611847,50.4,-1.5,97,1.9246031746031744,-0.0756,44,25,S,True,False,False,False,False,RUN,0.77,3.69,-0.01,-0.38,169.72054631463436,‚ùî Kh√¥ng r√µ thi√™n h∆∞·ªõng,6842a75a,500,14,30,600,9000,350,12,366,3.0,1123.0,127.0
2025-06-06 15:38:21.386164,169.34119248390198,50.3,-1.0,90,1.7892644135188869,-0.0503,44,25,S,False,False,False,False,False,RUN,0.47,6.54,0.06,4.9,-3.408973953973283,‚ùî Kh√¥ng r√µ thi√™n h∆∞·ªõng,6842a75a,500,14,30,600,9000,350,12,366,3.0,1123.0,127.0
2025-06-06 15:38:21.942747,169.89725613594055,49.9,0.4,93,1.86372745490982,0.01996,44,25,S,False,False,False,False,False,RUN,-0.29,7.64,-0.03,6.69,1.9168661593369296,‚ùî Kh√¥ng r√µ thi√™n h∆∞·ªõng,6842a75a,500,14,30,600,9000,350,12,366,3.0,1123.0,127.0
2025-06-06 15:38:22.536094,170.48666620254517,49.9,2.1,93,1.86372745490982,0.10479,44,25,S,False,False,False,False,False,RUN,0.69,7.55,-0.01,6.71,-5.307185901820672,‚ùî Kh√¥ng r√µ thi√™n h∆∞·ªõng,6842a75a,500,14,30,600,9000,350,12,366,3.0,1123.0,127.0
2025-06-06 15:38:23.094982,171.05175137519836,49.9,2.2,92,1.843687374749499,0.10978,44,25,S,False,False,False,False,False,RUN,0.11,5.98,0.0,1.43,-1.05381689668836,‚ùî Kh√¥ng r√µ thi√™n h∆∞·ªõng,6842a75a,500,14,30,600,9000,350,12,366,3.0,1123.0,127.0
2025-06-06 15:38:23.667841,171.61985611915588,50.2,1.9,82,1.6334661354581672,0.0953799999999999,44,25,S,False,False,False,False,False,RUN,0.16,3.5,-0.02,0.47,-5.054061610074565,‚ùî Kh√¥ng r√µ thi√™n h∆∞·ªõng,6842a75a,500,14,30,600,9000,350,12,366,3.0,1123.0,127.0
2025-06-06 15:38:24.226503,172.18072962760925,49.8,-0.4,82,1.6465863453815262,-0.01992,44,25,S,False,False,False,False,False,RUN,0.18,7.46,0.04,7.88,-1.0913646743464145,‚ùî Kh√¥ng r√µ thi√™n h∆∞·ªõng,6842a75a,500,14,30,600,9000,350,12,366,3.0,1123.0,127.0
2025-06-06 15:38:24.788799,172.7408049106598,49.3,3.0,89,1.8052738336714,0.1478999999999999,44,25,S,False,False,False,False,False,RUN,-0.57,9.28,0.04,12.59,3.6968645925440833,‚ùî Kh√¥ng r√µ thi√™n h∆∞·ªõng,6842a75a,500,14,30,600,9000,350,12,366,3.0,1123.0,127.0
2025-06-06 15:38:25.350734,173.30021810531616,50.1,4.9,87,1.7365269461077844,0.24549,44,25,S,True,False,False,False,False,RUN,0.93,3.16,0.04,-1.85,162.3620090315678,‚ùî Kh√¥ng r√µ thi√™n h∆∞·ªõng,6842a75a,500,14,30,600,9000,350,12,366,3.0,1123.0,127.0
2025-06-06 15:38:25.895905,173.8523063659668,49.9,-0.3,81,1.623246492985972,-0.0149699999999999,44,25,S,False,False,False,False,False,RUN,0.36,7.69,-0.03,11.02,-2.836267533228579,‚ùî Kh√¥ng r√µ thi√™n h∆∞·ªõng,6842a75a,500,14,30,600,9000,350,12,366,3.0,1123.0,127.0
2025-06-06 15:38:26.447439,174.40463638305664,49.0,3.9,93,1.8979591836734693,0.1911,44,25,S,False,False,False,False,False,RUN,-0.23,10.07,-0.05,13.92,1.1026120220648363,‚ùî Kh√¥ng r√µ thi√™n h∆∞·ªõng,6842a75a,500,14,30,600,9000,350,12,366,3.0,1123.0,127.0
2025-06-06 15:38:27.026610,174.97745633125305,49.1,6.9,98,1.9959266802443991,0.33879,44,25,S,False,False,False,False,False,RUN,-0.48,9.04,-0.06,9.71,2.6853621829436656,‚ùî Kh√¥ng r√µ thi√™n h∆∞·ªõng,6842a75a,500,14,30,600,9000,350,12,366,3.0,1123.0,127.0
2025-06-06 15:38:27.610960,175.5614876747131,49.8,4.9,97,1.9477911646586343,0.24402,44,25,S,False,False,False,False,False,RUN,-0.1,7.5,-0.04,4.9,0.2961882008914897,‚ùî Kh√¥ng r√µ thi√™n h∆∞·ªõng,6842a75a,500,14,30,600,9000,350,12,366,3.0,1123.0,127.0
2025-06-06 15:38:28.167779,176.12284898757937,48.8,1.2,95,1.94672131147541,0.0585599999999999,44,25,S,False,False,False,False,False,RUN,-0.86,10.17,-0.01,15.25,4.796000413733516,‚ùî Kh√¥ng r√µ thi√™n h∆∞·ªõng,6842a75a,500,14,30,600,9000,350,12,366,3.0,1123.0,127.0
2025-06-06 15:38:28.740155,176.69299483299255,48.7,6.0,99,2.0328542094455853,0.2922,45,25,S,False,False,False,False,False,RUN,-1.34,10.5,0.08,15.05,7.577279578504021,‚ùî Kh√¥ng r√µ thi√™n h∆∞·ªõng,6842a75a,500,14,30,600,9000,350,12,366,3.0,1123.0,127.0
2025-06-06 15:38:29.299341,177.25132203102112,48.2,8.5,122,2.531120331950208,0.4097,44,25,S,False,False,False,False,False,RUN,-1.72,12.81,-0.04,21.27,7.539622886123713,‚ùî Kh√¥ng r√µ thi√™n h∆∞·ªõng,6842a75a,500,14,30,600,9000,350,12,366,3.0,1123.0,127.0
2025-06-06 15:38:29.861428,177.81343054771423,45.9,24.7,150,3.2679738562091503,1.13373,44,25,S,False,False,False,False,False,RUN,-1.52,17.81,-0.02,29.1,4.838726787526107,‚ùî Kh√¥ng r√µ thi√™n h∆∞·ªõng,6842a75a,500,14,30,600,9000,350,12,366,3.0,1123.0,127.0
2025-06-06 15:38:30.419104,178.37218523025513,45.8,29.9,178,3.8864628820960703,1.36942,44,25,S,False,False,False,False,False,RUN,-3.25,19.33,-0.06,27.22,9.417720691304671,‚ùî Kh√¥ng r√µ thi√™n h∆∞·ªõng,6842a75a,500,14,30,600,9000,350,12,366,3.0,1123.0,127.0
2025-06-06 15:38:30.979839,178.9321756362915,45.7,29.9,204,4.463894967177243,1.36643,44,25,S,False,False,False,False,False,RUN,-4.08,20.34,-0.1,25.85,11.120785484189495,‚ùî Kh√¥ng r√µ thi√™n h∆∞·ªõng,6842a75a,500,14,30,600,9000,350,12,366,3.0,1123.0,127.0
2025-06-06 15:38:31.547963,179.49894833564758,45.7,29.9,229,5.010940919037199,1.36643,44,25,S,False,False,False,False,False,RUN,-2.14,21.38,0.0,24.54,5.715899776320543,‚ùî Kh√¥ng r√µ thi√™n h∆∞·ªõng,6842a75a,500,14,30,600,9000,350,12,366,3.0,1123.0,127.0
2025-06-06 15:38:32.107568,180.0620415210724,45.6,29.9,249,5.4605263157894735,1.36344,44,25,S,False,False,False,False,False,RUN,-4.05,22.14,0.03,23.65,10.439002200213828,‚ùî Kh√¥ng r√µ thi√™n h∆∞·ªõng,6842a75a,500,14,30,600,9000,350,12,366,3.0,1123.0,127.0
2025-06-06 15:38:32.671856,180.6209614276886,45.6,29.9,270,5.921052631578947,1.36344,44,25,S,False,False,False,False,False,RUN,-2.3,21.79,-0.05,22.65,5.8989499932747655,‚ùî Kh√¥ng r√µ thi√™n h∆∞·ªõng,6842a75a,500,14,30,600,9000,350,12,366,3.0,1123.0,127.0
2025-06-06 15:38:33.241605,181.1919782161713,45.6,29.9,282,6.184210526315789,1.36344,44,25,S,False,False,False,False,False,RUN,-2.91,24.49,0.01,22.1,6.802267103909655,‚ùî Kh√¥ng r√µ thi√™n h∆∞·ªõng,6842a75a,500,14,30,600,9000,350,12,366,3.0,1123.0,127.0
2025-06-06 15:38:33.806413,181.75723838806152,45.6,29.9,299,6.557017543859649,1.36344,44,25,S,False,False,False,False,False,RUN,-1.34,24.4,0.08,21.65,3.3551294095387507,‚ùî Kh√¥ng r√µ thi√™n h∆∞·ªõng,6842a75a,500,14,30,600,9000,350,12,366,3.0,1123.0,127.0
2025-06-06 15:38:34.432804,182.3838086128235,49.4,29.9,301,6.093117408906883,1.47706,44,25,S,True,False,False,False,False,RUN,3.01,15.95,-0.1,-0.14,-155.14919802499642,‚ùî Kh√¥ng r√µ thi√™n h∆∞·ªõng,6842a75a,500,14,30,600,9000,350,12,366,3.0,1123.0,127.0
2025-06-06 15:38:34.999975,182.94967317581177,48.3,1.5,298,6.169772256728779,0.0724499999999999,45,25,S,False,False,False,False,False,RUN,-2.61,24.08,-0.04,18.48,6.0620492248499005,‚ùî Kh√¥ng r√µ thi√™n h∆∞·ªõng,6842a75a,500,14,30,600,9000,350,12,366,3.0,1123.0,127.0
2025-06-06 15:38:35.557611,183.511216878891,48.8,20.5,300,6.147540983606557,1.0004,44,25,S,False,False,False,False,False,RUN,0.75,19.33,-0.04,5.78,-2.618454098989901,‚ùî Kh√¥ng r√µ thi√™n h∆∞·ªõng,6842a75a,500,14,30,600,9000,350,12,366,3.0,1123.0,127.0
2025-06-06 15:38:36.118801,184.07498788833615,48.6,5.8,295,6.0699588477366255,0.28188,45,25,S,False,False,False,False,False,RUN,0.03,20.21,0.0,9.16,-0.0850505751059271,‚ùî Kh√¥ng r√µ thi√™n h∆∞·ªõng,6842a75a,500,14,30,600,9000,350,12,366,3.0,1123.0,127.0
2025-06-06 15:38:36.683422,184.64080476760864,45.9,8.5,303,6.601307189542484,0.39015,45,25,S,False,False,False,False,False,RUN,-3.23,25.73,0.06,21.67,7.313802346843507,‚ùî Kh√¥ng r√µ thi√™n h∆∞·ªõng,6842a75a,500,14,30,600,9000,350,12,366,3.0,1123.0,127.0
2025-06-06 15:38:37.256913,185.2106895446777,45.7,26.4,320,7.00218818380744,1.20648,44,25,S,False,False,False,False,False,RUN,-2.29,26.32,-0.03,21.49,4.892574080924876,‚ùî Kh√¥ng r√µ thi√™n h∆∞·ªõng,6842a75a,500,14,30,600,9000,350,12,366,3.0,1123.0,127.0
2025-06-06 15:38:37.822811,185.77605557441711,45.7,29.9,334,7.308533916849015,1.36643,44,25,S,False,False,False,False,False,RUN,-2.62,27.73,-0.15,21.14,4.99088782590409,‚ùî Kh√¥ng r√µ thi√™n h∆∞·ªõng,6842a75a,500,14,30,600,9000,350,12,366,3.0,1123.0,127.0
2025-06-06 15:38:38.393438,186.3502209186554,45.6,29.9,346,7.587719298245614,1.36344,44,25,S,False,False,False,False,False,RUN,-2.89,27.78,0.11,20.72,6.2433852359315685,‚ùî Kh√¥ng r√µ thi√™n h∆∞·ªõng,6842a75a,500,14,30,600,9000,350,12,366,3.0,1123.0,127.0
2025-06-06 15:38:38.972431,186.9196710586548,45.6,29.9,361,7.916666666666666,1.36344,44,25,S,False,False,False,False,False,RUN,-3.37,27.91,-0.25,20.28,6.178590229719093,‚ùî Kh√¥ng r√µ thi√™n h∆∞·ªõng,6842a75a,500,14,30,600,9000,350,12,366,3.0,1123.0,127.0
2025-06-06 15:38:39.533951,187.48610401153564,45.6,29.9,377,8.267543859649123,1.36344,44,25,S,False,False,False,False,False,RUN,-2.65,28.53,-0.76,19.73,3.100730069089112,‚ùî Kh√¥ng r√µ thi√™n h∆∞·ªõng,6842a75a,500,14,30,600,9000,350,12,377,3.0,1123.0,127.0
2025-06-06 15:38:40.089130,188.0439410209656,45.6,29.9,388,8.508771929824562,1.36344,44,25,S,False,False,False,False,False,RUN,-3.25,28.39,-2.47,19.66,-0.6302662122324547,‚ùî Kh√¥ng r√µ thi√™n h∆∞·ªõng,6842a75a,500,14,30,600,9000,350,12,388,3.0,1123.0,127.0
2025-06-06 15:38:40.667273,188.62095403671265,45.6,29.9,397,8.706140350877194,1.36344,44,25,S,False,False,False,False,False,RUN,-4.81,28.38,-4.03,19.35,-2.1453463997842994,‚ùî Kh√¥ng r√µ thi√™n h∆∞·ªõng,6842a75a,500,14,30,600,9000,350,12,397,3.0,1123.0,127.0
2025-06-06 15:38:41.234270,189.18732333183289,45.5,29.9,410,9.010989010989013,1.36045,44,25,S,False,False,False,False,False,RUN,-4.1,27.89,-4.87,19.1,-5.941214570853095,‚ùî Kh√¥ng r√µ thi√™n h∆∞·ªõng,6842a75a,500,14,30,600,9000,350,12,410,3.0,1123.0,127.0
2025-06-06 15:38:41.852575,189.80784440040588,45.5,29.9,420,9.23076923076923,1.36045,44,25,S,False,False,False,False,False,RUN,-4.83,28.87,-5.08,18.64,-5.746994765809232,‚ùî Kh√¥ng r√µ thi√™n h∆∞·ªõng,6842a75a,500,14,30,600,9000,350,12,420,3.0,1123.0,127.0
2025-06-06 15:38:42.411144,190.3669047355652,45.5,29.9,431,9.472527472527473,1.36045,44,25,S,False,False,False,False,False,RUN,-4.95,29.77,-5.09,18.55,-5.903467354282325,‚ùî Kh√¥ng r√µ thi√™n h∆∞·ªõng,6842a75a,500,14,30,600,9000,350,12,431,3.0,1123.0,127.0
2025-06-06 15:38:42.980226,190.93281817436215,45.5,29.9,439,9.648351648351648,1.36045,44,25,S,False,False,False,False,False,RUN,-4.72,29.83,-4.92,17.95,-6.336651618686715,‚ùî Kh√¥ng r√µ thi√™n h∆∞·ªõng,6842a75a,500,14,30,600,9000,350,12,439,3.0,1123.0,127.0
2025-06-06 15:38:43.562917,191.5136773586273,46.1,29.6,449,9.739696312364424,1.3645600000000002,44,25,S,False,False,False,False,False,RUN,-3.45,29.8,-5.09,16.46,-10.579576475040213,‚ùî Kh√¥ng r√µ thi√™n h∆∞·ªõng,6842a75a,500,14,30,600,9000,350,12,449,3.0,1123.0,127.0
2025-06-06 15:38:44.148977,192.09851813316345,46.0,26.3,458,9.956521739130435,1.2098,44,25,S,False,False,False,False,False,RUN,-3.14,29.88,-4.9,15.28,-11.781015271221532,‚ùî Kh√¥ng r√µ thi√™n h∆∞·ªõng,6842a75a,500,14,30,600,9000,350,12,458,3.0,1123.0,127.0
2025-06-06 15:38:44.723995,192.67580723762512,46.3,24.6,465,10.04319654427646,1.13898,44,25,S,False,False,False,False,False,RUN,-3.83,30.19,-5.04,14.85,-11.516797729990316,‚ùî Kh√¥ng r√µ thi√™n h∆∞·ªõng,6842a75a,500,14,30,600,9000,350,12,465,3.0,1123.0,127.0
2025-06-06 15:38:45.290148,193.2441966533661,46.6,23.1,471,10.107296137339056,1.07646,44,25,S,False,False,False,False,False,RUN,-3.1,30.09,-5.07,13.74,-14.371737584098506,‚ùî Kh√¥ng r√µ thi√™n h∆∞·ªõng,6842a75a,500,14,30,600,9000,350,12,471,3.0,1123.0,127.0
2025-06-06 15:38:45.847773,193.800607919693,46.5,22.1,477,10.258064516129032,1.0276500000000002,44,25,S,False,False,False,False,False,RUN,-3.1,29.91,-4.9,13.08,-14.619589597598882,‚ùî Kh√¥ng r√µ thi√™n h∆∞·ªõng,6842a75a,500,14,30,600,9000,350,12,477,3.0,1123.0,127.0
2025-06-06 15:38:46.430318,194.3799669742584,46.8,20.9,482,10.2991452991453,0.97812,44,25,S,False,False,False,False,False,RUN,-2.83,29.27,-4.97,12.83,-15.652504378057229,‚ùî Kh√¥ng r√µ thi√™n h∆∞·ªõng,6842a75a,500,14,30,600,9000,350,12,482,3.0,1123.0,127.0
2025-06-06 15:38:47.033973,194.98298740386963,46.8,19.8,484,10.341880341880342,0.92664,44,25,S,False,False,False,False,False,RUN,-2.0,29.84,-4.89,12.35,-17.766694639110437,‚ùî Kh√¥ng r√µ thi√™n h∆∞·ªõng,6842a75a,500,14,30,600,9000,350,12,484,3.0,1123.0,127.0
2025-06-06 15:38:47.602998,195.55386805534363,46.9,19.3,487,10.383795309168445,0.90517,44,25,S,False,False,False,False,False,RUN,-2.53,30.08,-5.01,12.2,-17.518008759076093,‚ùî Kh√¥ng r√µ thi√™n h∆∞·ªõng,6842a75a,500,14,30,600,9000,350,12,487,3.0,1123.0,127.0
2025-06-06 15:38:48.175575,196.126588344574,47.1,18.8,489,10.38216560509554,0.88548,44,25,S,False,False,False,False,False,RUN,-3.12,30.02,-5.06,12.35,-16.346238162971392,‚ùî Kh√¥ng r√µ thi√™n h∆∞·ªõng,6842a75a,500,14,30,600,9000,350,12,489,3.0,1123.0,127.0
2025-06-06 15:38:48.756321,196.7042715549469,47.3,18.1,492,10.40169133192389,0.85613,44,25,S,False,False,False,False,False,RUN,-2.56,30.31,-5.09,11.65,-18.773215372420847,‚ùî Kh√¥ng r√µ thi√™n h∆∞·ªõng,6842a75a,500,14,30,600,9000,350,12,492,3.0,1123.0,127.0
2025-06-06 15:38:49.313278,197.26773118972775,47.2,17.2,493,10.444915254237287,0.81184,44,25,S,False,False,False,False,False,RUN,-0.85,29.99,-5.12,11.63,-22.137563290987277,‚ùî Kh√¥ng r√µ thi√™n h∆∞·ªõng,6842a75a,500,14,30,600,9000,350,12,493,3.0,1123.0,127.0
2025-06-06 15:38:49.903415,197.8567771911621,47.3,17.2,493,10.422832980972515,0.81356,44,25,S,False,False,False,False,False,RUN,-1.2,30.06,-5.13,11.67,-21.443704719959197,‚ùî Kh√¥ng r√µ thi√™n h∆∞·ªõng,6842a75a,500,14,30,600,9000,350,12,493,3.0,1123.0,127.0
2025-06-06 15:38:50.467148,198.41804099082947,47.2,17.1,493,10.444915254237287,0.8071200000000002,44,25,S,False,False,False,False,False,RUN,-1.88,30.15,-5.05,11.43,-20.268736902840228,‚ùî Kh√¥ng r√µ thi√™n h∆∞·ªõng,6842a75a,500,14,30,600,9000,350,12,493,3.0,1123.0,127.0
2025-06-06 15:38:51.032346,198.98458671569824,47.0,17.5,492,10.46808510638298,0.8225,44,25,S,False,False,False,False,False,RUN,-2.3,30.34,-4.98,11.28,-19.485789362413914,‚ùî Kh√¥ng r√µ thi√™n h∆∞·ªõng,6842a75a,500,14,30,600,9000,350,12,493,3.0,1123.0,127.0
2025-06-06 15:38:51.590812,199.5439474582672,47.1,17.5,492,10.445859872611464,0.82425,45,25,S,False,False,False,False,False,RUN,-1.36,29.98,-4.87,11.18,-20.940546127531505,‚ùî Kh√¥ng r√µ thi√™n h∆∞·ªõng,6842a75a,500,14,30,600,9000,350,12,493,3.0,1123.0,127.0
2025-06-06 15:38:52.147349,200.10091257095337,47.0,17.2,493,10.48936170212766,0.8084,45,25,S,False,False,False,False,False,RUN,-2.37,29.78,-4.96,11.41,-18.94467823933864,‚ùî Kh√¥ng r√µ thi√™n h∆∞·ªõng,6842a75a,500,14,30,600,9000,350,12,493,3.0,1123.0,127.0
2025-06-06 15:38:52.722439,200.67319536209104,47.2,17.1,493,10.444915254237287,0.8071200000000002,45,25,S,False,False,False,False,False,RUN,-2.12,30.04,-4.94,11.58,-19.066160611426007,‚ùî Kh√¥ng r√µ thi√™n h∆∞·ªõng,6842a75a,500,14,30,600,9000,350,12,493,3.0,1123.0,127.0
2025-06-06 15:38:53.292225,201.24314260482788,47.2,17.2,490,10.38135593220339,0.81184,45,25,S,False,False,False,False,False,RUN,-3.06,30.02,-5.05,11.88,-17.209402841585163,‚ùî Kh√¥ng r√µ thi√™n h∆∞·ªõng,6842a75a,500,14,30,600,9000,350,12,493,3.0,1123.0,127.0
2025-06-06 15:38:53.866742,201.817462682724,47.1,17.9,489,10.38216560509554,0.8430899999999999,45,25,S,False,False,False,False,False,RUN,-1.88,30.13,-5.13,11.95,-19.6628862994181,‚ùî Kh√¥ng r√µ thi√™n h∆∞·ªõng,6842a75a,500,14,30,600,9000,350,12,493,3.0,1123.0,127.0
2025-06-06 15:38:54.425834,202.3796207904816,47.1,18.0,488,10.360934182590231,0.8478000000000001,45,25,S,False,False,False,False,False,RUN,-2.15,30.85,-5.11,12.09,-18.925384528414277,‚ùî Kh√¥ng r√µ thi√™n h∆∞·ªõng,6842a75a,500,14,30,600,9000,350,12,493,3.0,1123.0,127.0
2025-06-06 15:38:54.987244,202.94200491905207,46.9,18.0,489,10.426439232409384,0.8442,45,25,S,False,False,False,False,False,RUN,-1.12,30.03,-4.96,11.65,-20.926016205049372,‚ùî Kh√¥ng r√µ thi√™n h∆∞·ªõng,6842a75a,500,14,30,600,9000,350,12,493,3.0,1123.0,127.0
2025-06-06 15:38:55.563050,203.51283717155457,46.9,18.1,489,10.426439232409384,0.84889,45,25,S,False,False,False,False,False,RUN,-1.87,30.01,-4.91,11.45,-19.64503137977391,‚ùî Kh√¥ng r√µ thi√™n h∆∞·ªõng,6842a75a,500,14,30,600,9000,350,12,493,3.0,1123.0,127.0
2025-06-06 15:38:56.206742,204.15729141235352,47.0,18.0,486,10.340425531914894,0.846,45,25,S,False,False,False,False,False,RUN,-1.63,29.68,-5.11,12.62,-18.90018000424826,‚ùî Kh√¥ng r√µ thi√™n h∆∞·ªõng,6842a75a,500,14,30,600,9000,350,12,493,3.0,1123.0,127.0
2025-06-06 15:38:56.799084,204.75122117996216,47.0,18.6,486,10.340425531914894,0.8742000000000001,45,25,S,False,False,False,False,False,RUN,-2.7,29.68,-5.07,12.34,-17.13784048348249,‚ùî Kh√¥ng r√µ thi√™n h∆∞·ªõng,6842a75a,500,14,30,600,9000,350,12,493,3.0,1123.0,127.0
2025-06-06 15:38:57.353123,205.30713987350464,46.9,18.7,487,10.383795309168445,0.87703,45,25,S,False,False,False,False,False,RUN,-2.41,30.34,-5.07,12.0,-18.36241289256028,‚ùî Kh√¥ng r√µ thi√™n h∆∞·ªõng,6842a75a,500,14,30,600,9000,350,12,493,3.0,1123.0,127.0
2025-06-06 15:38:57.913882,205.86553072929385,46.9,18.5,486,10.362473347547974,0.86765,45,25,S,False,False,False,False,False,RUN,-1.43,30.43,-4.91,12.01,-19.545492344276663,‚ùî Kh√¥ng r√µ thi√™n h∆∞·ªõng,6842a75a,500,14,30,600,9000,350,12,493,3.0,1123.0,127.0
2025-06-06 15:38:58.483541,206.43565607070923,46.7,18.5,486,10.406852248394005,0.86395,45,25,S,False,False,False,False,False,RUN,-2.47,29.8,-4.98,12.09,-17.649103553006068,‚ùî Kh√¥ng r√µ thi√™n h∆∞·ªõng,6842a75a,500,14,30,600,9000,350,12,493,3.0,1123.0,127.0
2025-06-06 15:38:59.045474,206.99867224693295,47.0,18.7,485,10.319148936170214,0.8789,45,25,S,False,False,False,False,False,RUN,-3.0,29.82,-5.03,12.59,-16.033032862875984,‚ùî Kh√¥ng r√µ thi√™n h∆∞·ªõng,6842a75a,500,14,30,600,9000,350,12,493,3.0,1123.0,127.0
2025-06-06 15:38:59.634594,207.5845739841461,46.9,18.5,484,10.319829424307036,0.86765,45,25,S,False,False,False,False,False,RUN,-3.73,30.36,-5.02,12.62,-14.687534557098576,‚ùî Kh√¥ng r√µ thi√™n h∆∞·ªõng,6842a75a,500,14,30,600,9000,350,12,493,3.0,1123.0,127.0
2025-06-06 15:39:00.208337,208.1573421955109,46.9,19.2,482,10.277185501066098,0.90048,45,25,S,False,False,False,False,False,RUN,-3.33,30.33,-5.13,12.96,-15.329771142263985,‚ùî Kh√¥ng r√µ thi√™n h∆∞·ªõng,6842a75a,500,14,30,600,9000,350,12,493,3.0,1123.0,127.0
2025-06-06 15:39:00.765855,208.71713209152225,46.7,19.5,482,10.32119914346895,0.91065,45,25,S,False,False,False,False,False,RUN,-1.68,30.21,-5.03,12.3,-19.05878668580613,‚ùî Kh√¥ng r√µ thi√™n h∆∞·ªõng,6842a75a,500,14,30,600,9000,350,12,493,3.0,1123.0,127.0
2025-06-06 15:39:01.331919,209.2851164340973,46.7,19.4,482,10.32119914346895,0.90598,45,25,S,False,False,False,False,False,RUN,-3.12,30.36,-4.88,12.29,-15.789075185722732,‚ùî Kh√¥ng r√µ thi√™n h∆∞·ªõng,6842a75a,500,14,30,600,9000,350,12,493,3.0,1123.0,127.0
2025-06-06 15:39:01.889308,209.8422377109528,46.8,19.3,484,10.341880341880342,0.90324,45,25,S,False,False,False,False,False,RUN,-2.97,29.78,-5.02,12.69,-15.887757827116593,‚ùî Kh√¥ng r√µ thi√™n h∆∞·ªõng,6842a75a,500,14,30,600,9000,350,12,493,3.0,1123.0,127.0
2025-06-06 15:39:02.480451,210.4325351715088,46.8,18.9,484,10.341880341880342,0.8845199999999999,45,25,S,False,False,False,False,False,RUN,-2.87,29.7,-5.01,12.58,-16.19545360947263,‚ùî Kh√¥ng r√µ thi√™n h∆∞·ªõng,6842a75a,500,14,30,600,9000,350,12,493,3.0,1123.0,127.0
2025-06-06 15:39:03.032453,210.98329877853396,46.9,18.8,487,10.383795309168445,0.8817200000000001,45,25,S,False,False,False,False,False,RUN,-1.72,30.04,-5.13,12.12,-19.664346917582414,‚ùî Kh√¥ng r√µ thi√™n h∆∞·ªõng,6842a75a,500,14,30,600,9000,350,12,493,3.0,1123.0,127.0
2025-06-06 15:39:03.592668,211.54464101791385,46.8,18.3,489,10.448717948717947,0.85644,45,25,S,False,False,False,False,False,RUN,-2.54,30.11,-4.99,11.69,-18.2938204798242,‚ùî Kh√¥ng r√µ thi√™n h∆∞·ªõng,6842a75a,500,14,30,600,9000,350,12,493,3.0,1123.0,127.0
2025-06-06 15:39:04.159031,212.11163806915283,47.0,18.1,488,10.382978723404255,0.8507,45,25,S,False,False,False,False,False,RUN,-1.46,30.01,-4.86,11.56,-20.017356605655237,‚ùî Kh√¥ng r√µ thi√™n h∆∞·ªõng,6842a75a,500,14,30,600,9000,350,12,493,3.0,1123.0,127.0
2025-06-06 15:39:04.726268,212.67724895477292,46.8,18.0,489,10.448717948717947,0.8423999999999999,45,25,S,False,False,False,False,False,RUN,-2.41,29.85,-4.91,11.87,-17.85645008589153,‚ùî Kh√¥ng r√µ thi√™n h∆∞·ªõng,6842a75a,500,14,30,600,9000,350,12,493,3.0,1123.0,127.0
2025-06-06 15:39:05.310434,213.2648904323578,47.0,18.1,488,10.382978723404255,0.8507,45,25,S,False,False,False,False,False,RUN,-2.93,30.54,-4.9,11.79,-17.087915485924146,‚ùî Kh√¥ng r√µ thi√™n h∆∞·ªõng,6842a75a,500,14,30,600,9000,350,12,493,3.0,1123.0,127.0
2025-06-06 15:39:05.878325,213.83224630355835,46.9,18.0,486,10.362473347547974,0.8442,45,25,S,False,False,False,False,False,RUN,-3.16,29.61,-5.04,12.32,-16.157434326837432,‚ùî Kh√¥ng r√µ thi√™n h∆∞·ªõng,6842a75a,500,14,30,600,9000,350,12,493,3.0,1123.0,127.0
2025-06-06 15:39:06.451786,214.40365862846372,46.9,18.6,483,10.298507462686567,0.87234,45,25,S,False,False,False,False,False,RUN,-2.68,29.64,-5.11,12.94,-16.382499526617895,‚ùî Kh√¥ng r√µ thi√™n h∆∞·ªõng,6842a75a,500,14,30,600,9000,350,12,493,3.0,1123.0,127.0
2025-06-06 15:39:07.016044,214.96978783607483,46.8,19.0,481,10.27777777777778,0.8891999999999999,45,25,S,False,False,False,False,False,RUN,-2.55,29.87,-5.06,12.55,-17.079157858721487,‚ùî Kh√¥ng r√µ thi√™n h∆∞·ªõng,6842a75a,500,14,30,600,9000,350,12,493,3.0,1123.0,127.0
2025-06-06 15:39:07.573954,215.52494430541992,46.5,19.9,478,10.279569892473118,0.92535,45,25,S,False,False,False,False,False,RUN,-1.71,30.41,-4.93,12.75,-17.921386381938067,‚ùî Kh√¥ng r√µ thi√™n h∆∞·ªõng,6842a75a,500,14,30,600,9000,350,12,493,3.0,1123.0,127.0
2025-06-06 15:39:08.156723,216.10741925239563,46.7,20.3,475,10.171306209850108,0.94801,45,25,S,False,False,False,False,False,RUN,-3.22,29.68,-4.95,13.65,-13.740702277097482,‚ùî Kh√¥ng r√µ thi√™n h∆∞·ªõng,6842a75a,500,14,30,600,9000,350,12,493,3.0,1123.0,127.0
2025-06-06 15:39:08.721290,216.67323470115664,46.6,21.0,472,10.128755364806867,0.9786,45,25,S,False,False,False,False,False,RUN,-2.26,29.93,-5.11,14.0,-15.733899744942416,‚ùî Kh√¥ng r√µ thi√™n h∆∞·ªõng,6842a75a,500,14,30,600,9000,350,12,493,3.0,1123.0,127.0
2025-06-06 15:39:09.297127,217.24883818626404,46.3,21.6,470,10.151187904967603,1.00008,45,25,S,False,False,False,False,False,RUN,-3.08,29.96,-4.98,13.79,-13.986634913859485,‚ùî Kh√¥ng r√µ thi√™n h∆∞·ªõng,6842a75a,500,14,30,600,9000,350,12,493,3.0,1123.0,127.0
2025-06-06 15:39:09.862819,217.8135051727295,46.4,22.2,467,10.064655172413794,1.03008,45,25,S,False,False,False,False,False,RUN,-3.81,30.36,-4.92,14.48,-11.613795133688264,‚ùî Kh√¥ng r√µ thi√™n h∆∞·ªõng,6842a75a,500,14,30,600,9000,350,12,493,3.0,1123.0,127.0
2025-06-06 15:39:10.425736,218.3804223537445,46.5,22.4,468,10.064516129032258,1.0416,45,25,S,False,False,False,False,False,RUN,-2.95,29.88,-5.13,14.2,-14.224706671955904,‚ùî Kh√¥ng r√µ thi√™n h∆∞·ªõng,6842a75a,500,14,30,600,9000,350,12,493,3.0,1123.0,127.0
2025-06-06 15:39:10.992456,218.9461579322815,46.3,22.7,471,10.172786177105833,1.05101,45,25,S,False,False,False,False,False,RUN,-3.0,30.17,-4.94,13.63,-14.243703251107174,‚ùî Kh√¥ng r√µ thi√™n h∆∞·ªõng,6842a75a,500,14,30,600,9000,350,12,493,3.0,1123.0,127.0
2025-06-06 15:39:11.544584,219.49781942367557,46.4,22.0,471,10.150862068965518,1.0208,45,25,S,False,False,False,False,False,RUN,-3.74,30.02,-5.01,13.94,-12.666781340484608,‚ùî Kh√¥ng r√µ thi√™n h∆∞·ªõng,6842a75a,500,14,30,600,9000,350,12,493,3.0,1123.0,127.0
2025-06-06 15:39:12.116516,220.0698983669281,46.4,21.7,471,10.150862068965518,1.0068799999999998,45,25,S,False,False,False,False,False,RUN,-2.01,29.52,-5.06,13.7,-16.376134643316018,‚ùî Kh√¥ng r√µ thi√™n h∆∞·ªõng,6842a75a,500,14,30,600,9000,350,12,493,3.0,1123.0,127.0
2025-06-06 15:39:12.678115,220.6314890384674,46.4,21.5,474,10.215517241379311,0.9976,45,25,S,False,False,False,False,False,RUN,-3.4,29.89,-4.92,13.18,-13.980719470220508,‚ùî Kh√¥ng r√µ thi√™n h∆∞·ªõng,6842a75a,500,14,30,600,9000,350,12,493,3.0,1123.0,127.0
2025-06-06 15:39:13.250214,221.20096564292908,46.6,20.7,477,10.236051502145925,0.96462,45,25,S,False,False,False,False,False,RUN,-2.92,29.92,-4.94,13.14,-15.029767133789754,‚ùî Kh√¥ng r√µ thi√™n h∆∞·ªõng,6842a75a,500,14,30,600,9000,350,12,493,3.0,1123.0,127.0
2025-06-06 15:39:13.816780,221.7683675289154,46.7,20.3,479,10.25695931477516,0.94801,45,25,S,False,False,False,False,False,RUN,-3.08,29.86,-5.1,12.73,-15.943323496670317,‚ùî Kh√¥ng r√µ thi√™n h∆∞·ªõng,6842a75a,500,14,30,600,9000,350,12,493,3.0,1123.0,127.0
2025-06-06 15:39:14.382509,222.3349385261536,46.5,19.9,478,10.279569892473118,0.92535,45,25,S,False,False,False,False,False,RUN,-2.44,29.76,-5.02,12.88,-16.606273022772257,‚ùî Kh√¥ng r√µ thi√™n h∆∞·ªõng,6842a75a,500,14,30,600,9000,350,12,493,3.0,1123.0,127.0
2025-06-06 15:39:14.951416,222.90389704704285,46.6,20.0,479,10.278969957081545,0.932,45,25,S,False,False,False,False,False,RUN,-2.66,29.73,-4.96,12.6,-16.374369576594386,‚ùî Kh√¥ng r√µ thi√™n h∆∞·ªõng,6842a75a,500,14,30,600,9000,350,12,493,3.0,1123.0,127.0
2025-06-06 15:39:15.515012,223.4647431373596,46.7,20.0,479,10.25695931477516,0.934,45,25,S,False,False,False,False,False,RUN,-2.59,29.98,-5.0,12.99,-16.114711695986728,‚ùî Kh√¥ng r√µ thi√™n h∆∞·ªõng,6842a75a,500,14,30,600,9000,350,12,493,3.0,1123.0,127.0
2025-06-06 15:39:16.169359,224.12162828445437,46.6,19.7,480,10.300429184549357,0.91802,45,25,S,False,False,False,False,False,RUN,-1.71,30.01,-4.99,12.37,-18.707672553346708,‚ùî Kh√¥ng r√µ thi√™n h∆∞·ªõng,6842a75a,500,14,30,600,9000,350,12,493,3.0,1123.0,127.0
2025-06-06 15:39:16.778109,224.7277319431305,46.6,19.8,479,10.278969957081545,0.92268,45,25,S,False,False,False,False,False,RUN,-2.7,30.4,-5.06,12.76,-16.55543445803893,‚ùî Kh√¥ng r√µ thi√™n h∆∞·ªõng,6842a75a,500,14,30,600,9000,350,12,493,3.0,1123.0,127.0
2025-06-06 15:39:17.330479,225.28364157676697,46.6,20.2,476,10.214592274678113,0.94132,45,25,S,False,False,False,False,False,RUN,-3.11,30.37,-4.88,13.07,-14.627413465970475,‚ùî Kh√¥ng r√µ thi√™n h∆∞·ªõng,6842a75a,500,14,30,600,9000,350,12,493,3.0,1123.0,127.0
2025-06-06 15:39:17.936073,225.886372089386,46.5,20.4,477,10.258064516129032,0.9486,45,25,S,False,False,False,False,False,RUN,-2.05,30.02,-4.95,12.89,-17.10118075423128,‚ùî Kh√¥ng r√µ thi√™n h∆∞·ªõng,6842a75a,500,14,30,600,9000,350,12,493,3.0,1123.0,127.0
2025-06-06 15:39:18.599829,226.5462772846222,46.5,20.3,477,10.258064516129032,0.94395,45,25,S,False,False,False,False,False,RUN,-2.41,30.58,-5.1,13.08,-16.795072697759363,‚ùî Kh√¥ng r√µ thi√™n h∆∞·ªõng,6842a75a,500,14,30,600,9000,350,12,493,3.0,1123.0,127.0
2025-06-06 15:39:19.221311,227.1716730594635,46.5,20.4,476,10.236559139784946,0.9486,45,25,S,False,False,False,False,False,RUN,-3.65,29.99,-5.04,13.26,-13.872139077462142,‚ùî Kh√¥ng r√µ thi√™n h∆∞·ªõng,6842a75a,500,14,30,600,9000,350,12,493,3.0,1123.0,127.0
2025-06-06 15:39:19.821356,227.7741451263428,46.6,20.1,477,10.236051502145925,0.93666,45,25,S,False,False,False,False,False,RUN,-2.52,29.92,-5.08,13.27,-16.13341327502591,‚ùî Kh√¥ng r√µ thi√™n h∆∞·ªõng,6842a75a,500,14,30,600,9000,350,12,493,3.0,1123.0,127.0
2025-06-06 15:39:20.439754,228.3920855522156,49.1,11.7,466,9.490835030549896,0.57447,45,25,S,False,False,False,False,False,RUN,1.89,27.59,-0.02,3.42,-4.253874380805614,‚ùî Kh√¥ng r√µ thi√™n h∆∞·ªõng,6842a75a,500,14,30,600,9000,350,12,493,3.0,1123.0,127.0
2025-06-06 15:39:21.023287,228.9780490398407,49.9,1.7,449,8.997995991983968,0.08483,45,25,S,True,False,False,False,False,RUN,4.06,24.83,-0.08,-0.01,-106.41137846995464,‚ùî Kh√¥ng r√µ thi√™n h∆∞·ªõng,6842a75a,500,14,30,600,9000,350,12,493,3.0,1123.0,127.0
2025-06-06 15:39:21.579038,229.53098011016849,50.0,-2.5,437,8.74,-0.125,45,25,S,True,False,False,False,False,RUN,2.8,24.21,0.02,-0.05,151.60137560749567,‚ùî Kh√¥ng r√µ thi√™n h∆∞·ªõng,6842a75a,500,14,30,600,9000,350,12,493,3.0,1123.0,127.0
2025-06-06 15:39:22.147804,230.10342860221863,50.1,-2.6,417,8.323353293413174,-0.13026,45,25,S,True,False,False,False,False,RUN,3.74,22.93,0.1,-0.02,92.0462715981096,‚ùî Kh√¥ng r√µ thi√™n h∆∞·ªõng,6842a75a,500,14,30,600,9000,350,12,493,3.0,1123.0,127.0
2025-06-06 15:39:22.762870,230.71728539466855,50.1,-2.6,405,8.08383233532934,-0.13026,45,25,S,True,False,False,False,False,RUN,3.99,22.1,-0.08,0.0,-100.23410533994752,‚ùî Kh√¥ng r√µ thi√™n h∆∞·ªõng,6842a75a,500,14,30,600,9000,350,12,493,3.0,1123.0,127.0
2025-06-06 15:39:23.377828,231.32822275161743,50.2,-2.5,392,7.808764940239043,-0.1255,45,25,S,True,False,False,False,False,RUN,3.1,21.61,0.0,0.01,-8.16350663978091,‚ùî Kh√¥ng r√µ thi√™n h∆∞·ªõng,6842a75a,500,14,30,600,9000,350,12,493,3.0,1123.0,127.0
2025-06-06 15:39:23.941636,231.8914659023285,50.2,-2.4,377,7.509960159362549,-0.12048,45,25,S,True,False,False,False,False,RUN,2.98,20.18,-0.16,0.04,-84.3639700997114,‚ùî Kh√¥ng r√µ thi√™n h∆∞·ªõng,6842a75a,500,14,30,600,9000,350,12,493,3.0,1123.0,127.0
2025-06-06 15:39:24.507158,232.45982313156128,50.2,-2.4,364,7.250996015936255,-0.12048,45,25,S,True,False,False,False,False,RUN,3.46,19.26,0.03,0.0,79.81562167154786,‚ùî Kh√¥ng r√µ thi√™n h∆∞·ªõng,6842a75a,500,14,30,600,9000,350,12,493,3.0,1123.0,127.0
2025-06-06 15:39:25.086680,233.03661513328552,50.2,-2.3,350,6.972111553784861,-0.11546,45,25,S,True,False,False,False,False,RUN,3.07,19.01,-0.04,0.01,-85.13747442000623,‚ùî Kh√¥ng r√µ thi√™n h∆∞·ªõng,6842a75a,500,14,30,600,9000,350,12,493,3.0,1123.0,127.0
2025-06-06 15:39:25.688935,233.64599323272705,50.3,-2.2,329,6.54075546719682,-0.11066,45,25,S,True,False,False,False,False,RUN,2.54,17.74,-0.04,-0.02,-124.713239319621,‚ùî Kh√¥ng r√µ thi√™n h∆∞·ªõng,6842a75a,500,14,30,600,9000,350,12,493,3.0,1123.0,127.0
2025-06-06 15:39:26.271303,234.225750207901,50.3,-2.2,314,6.242544731610338,-0.11066,45,25,S,True,False,False,False,False,RUN,2.29,16.71,-0.13,-0.01,-102.20212057300007,‚ùî Kh√¥ng r√µ thi√™n h∆∞·ªõng,6842a75a,500,14,30,600,9000,350,12,493,3.0,1123.0,127.0
2025-06-06 15:39:26.833939,234.78779792785645,50.3,-2.1,300,5.964214711729623,-0.10563,45,25,S,True,False,False,False,False,RUN,2.22,15.89,-0.06,-0.04,-131.64340955215405,‚ùî Kh√¥ng r√µ thi√™n h∆∞·ªõng,6842a75a,500,14,30,600,9000,350,12,493,3.0,1123.0,127.0
2025-06-06 15:39:27.432926,235.384774684906,50.3,-2.0,281,5.58648111332008,-0.1006,45,25,S,True,False,False,False,False,RUN,2.18,15.07,-0.04,-0.35,178.28859243355885,‚ùî Kh√¥ng r√µ thi√™n h∆∞·ªõng,6842a75a,500,14,30,600,9000,350,12,493,3.0,1123.0,127.0
2025-06-06 15:39:27.997309,235.94727277755737,50.3,-2.0,267,5.308151093439364,-0.1006,45,25,S,True,False,False,False,False,RUN,2.41,13.39,0.0,-0.47,169.79685522225634,‚ùî Kh√¥ng r√µ thi√™n h∆∞·ªõng,6842a75a,500,14,30,600,9000,350,12,493,3.0,1123.0,127.0
2025-06-06 15:39:28.582835,236.5329189300537,50.3,-2.0,250,4.970178926441352,-0.1006,45,25,S,True,False,False,False,False,RUN,2.72,12.51,0.03,-0.66,165.13076263996282,‚ùî Kh√¥ng r√µ thi√™n h∆∞·ªõng,6842a75a,500,14,30,600,9000,350,12,493,3.0,1123.0,127.0
2025-06-06 15:39:29.146164,237.09973168373108,50.3,-2.0,228,4.532803180914513,-0.1006,45,25,S,True,False,False,False,False,RUN,2.43,11.17,0.0,-0.82,167.72670835356288,‚ùî Kh√¥ng r√µ thi√™n h∆∞·ªõng,6842a75a,500,14,30,600,9000,350,12,493,3.0,1123.0,127.0
2025-06-06 15:39:29.709132,237.65864038467407,50.3,-2.0,210,4.174950298210736,-0.1006,45,25,S,True,False,False,False,False,RUN,1.09,10.57,-0.03,-1.08,175.7034935981998,‚ùî Kh√¥ng r√µ thi√™n h∆∞·ªõng,6842a75a,500,14,30,600,9000,350,12,493,3.0,1123.0,127.0
2025-06-06 15:39:30.279103,238.2321593761444,50.3,-2.0,187,3.7176938369781314,-0.1006,45,25,S,True,False,False,False,False,RUN,1.69,8.77,-0.08,-1.4,172.36315421268185,üöÄ T·ªëc ƒë·ªô cao (field weakening),6842a75a,500,14,30,600,9000,350,12,493,3.0,1123.0,127.0
2025-06-06 15:39:30.843187,238.7976784706116,50.4,-2.0,166,3.293650793650794,-0.1008,45,25,S,True,False,False,False,False,RUN,1.73,7.39,0.03,-1.91,165.9244590214228,‚ùî Kh√¥ng r√µ thi√™n h∆∞·ªõng,6842a75a,500,14,30,600,9000,350,12,493,3.0,1123.0,127.0
2025-06-06 15:39:31.425685,239.3780686855316,50.4,-2.0,141,2.797619047619048,-0.1008,45,25,S,True,False,False,False,False,RUN,1.25,5.86,-0.03,-2.71,168.59291648730837,‚ùî Kh√¥ng r√µ thi√™n h∆∞·ªõng,6842a75a,500,14,30,600,9000,350,12,493,3.0,1123.0,127.0
2025-06-06 15:39:31.985503,239.94248628616333,50.3,-2.0,114,2.2664015904572565,-0.1006,45,25,S,True,False,False,False,False,RUN,1.05,4.13,0.05,-2.97,164.77100339969357,‚ùî Kh√¥ng r√µ thi√™n h∆∞·ªõng,6842a75a,500,14,30,600,9000,350,12,493,3.0,1123.0,127.0
2025-06-06 15:39:32.583114,240.54203915596008,50.3,-1.5,85,1.6898608349900597,-0.0754499999999999,45,25,S,True,False,False,False,False,RUN,0.96,2.79,0.02,-2.96,160.6252481579789,‚ùî Kh√¥ng r√µ thi√™n h∆∞·ªõng,6842a75a,500,14,30,600,9000,350,12,493,3.0,1123.0,127.0
2025-06-06 15:39:33.234306,241.18721675872803,50.2,-1.1,57,1.1354581673306772,-0.05522,45,25,S,True,False,False,False,False,RUN,0.41,1.21,0.07,-2.25,159.49945043099353,‚ùî Kh√¥ng r√µ thi√™n h∆∞·ªõng,6842a75a,500,14,30,600,9000,350,12,493,3.0,1123.0,127.0
2025-06-06 15:39:33.823614,241.7729878425598,50.2,-0.7,42,0.8366533864541832,-0.03514,45,25,S,True,False,False,False,False,RUN,0.3,0.63,0.01,-1.6,154.17856097880482,‚ùî Kh√¥ng r√µ thi√™n h∆∞·ªõng,6842a75a,500,14,30,600,9000,350,12,493,3.0,1123.0,127.0
2025-06-06 15:39:34.424295,242.37115693092343,50.2,-0.4,34,0.6772908366533864,-0.02008,45,25,S,False,False,False,False,False,RUN,0.37,0.84,-0.01,1.18,-24.257894641372843,‚ùî Kh√¥ng r√µ thi√™n h∆∞·ªõng,6842a75a,500,14,30,600,9000,350,12,493,3.0,1123.0,127.0
2025-06-06 15:39:34.995966,242.94403767585757,49.9,-0.2,13,0.2605210420841683,-0.00998,45,25,S,False,False,False,False,False,RUN,0.24,4.33,-0.24,12.89,-4.239173133567753,‚ùî Kh√¥ng r√µ thi√™n h∆∞·ªõng,6842a75a,500,14,30,600,9000,350,12,493,3.0,1123.0,127.0
2025-06-06 15:39:35.557509,243.50808382034305,49.2,0.9,19,0.3861788617886179,0.04428,46,25,S,False,False,False,False,False,RUN,-0.31,6.02,-0.01,16.83,2.9137994888519985,‚ùî Kh√¥ng r√µ thi√™n h∆∞·ªõng,6842a75a,500,14,30,600,9000,350,12,493,3.0,1123.0,127.0
2025-06-06 15:39:36.143099,244.09506344795227,49.0,5.8,27,0.5510204081632653,0.2842,45,25,S,False,False,False,False,False,RUN,-0.48,6.83,-0.05,32.84,3.932799034252649,‚ùî Kh√¥ng r√µ thi√™n h∆∞·ªõng,6842a75a,500,14,30,600,9000,350,12,493,3.0,1123.0,127.0
2025-06-06 15:39:36.711190,244.66346168518064,45.8,21.5,35,0.7641921397379913,0.9847,45,25,S,False,False,False,False,False,RUN,-0.27,6.12,-0.08,10.53,2.0908297155070774,‚ùî Kh√¥ng r√µ thi√™n h∆∞·ªõng,6842a75a,500,14,30,600,9000,350,12,493,3.0,1123.0,127.0
2025-06-06 15:39:37.283709,245.23479533195496,48.3,11.8,29,0.6004140786749482,0.56994,45,25,S,False,False,False,False,False,RUN,-0.24,8.65,0.04,25.25,1.6800672620120032,‚ùî Kh√¥ng r√µ thi√™n h∆∞·ªõng,6842a75a,500,14,30,600,9000,350,12,493,3.0,1123.0,127.0
2025-06-06 15:39:37.840137,245.7922625541687,47.4,11.8,25,0.5274261603375527,0.55932,45,25,S,False,False,False,False,False,RUN,-0.46,10.25,-0.11,29.28,2.354349097465912,‚ùî Kh√¥ng r√µ thi√™n h∆∞·ªõng,6842a75a,500,14,30,600,9000,350,12,493,3.0,1123.0,127.0
2025-06-06 15:39:38.402178,246.3550992012024,46.8,16.2,42,0.8974358974358975,0.75816,45,25,S,False,False,False,False,False,RUN,-0.9,12.21,0.04,30.1,4.291792895112588,‚ùî Kh√¥ng r√µ thi√™n h∆∞·ªõng,6842a75a,500,14,30,600,9000,350,12,493,3.0,1123.0,127.0
2025-06-06 15:39:38.980280,246.93247985839844,46.6,19.8,53,1.1373390557939913,0.92268,45,25,S,False,False,False,False,False,RUN,-1.71,11.57,-0.03,27.81,8.34541837071272,‚ùî Kh√¥ng r√µ thi√™n h∆∞·ªõng,6842a75a,500,14,30,600,9000,350,12,493,3.0,1123.0,127.0
2025-06-06 15:39:39.550706,247.50574469566345,46.8,19.9,65,1.388888888888889,0.9313199999999998,45,25,S,False,False,False,False,False,RUN,-0.95,12.71,0.12,26.88,4.530367261903181,‚ùî Kh√¥ng r√µ thi√™n h∆∞·ªõng,6842a75a,500,14,30,600,9000,350,12,493,3.0,1123.0,127.0
2025-06-06 15:39:40.160858,248.1146557331085,49.1,19.3,61,1.2423625254582484,0.94763,45,25,S,True,False,False,False,False,RUN,0.3,2.05,-0.03,-0.77,173.90552427760443,‚ùî Kh√¥ng r√µ thi√™n h∆∞·ªõng,6842a75a,500,14,30,600,9000,350,12,493,3.0,1123.0,127.0
2025-06-06 15:39:40.777943,248.7318272590637,48.2,0.3,49,1.016597510373444,0.01446,45,25,S,True,False,False,False,False,RUN,-0.44,8.64,-0.23,5.08,0.3229922168311646,‚ùî Kh√¥ng r√µ thi√™n h∆∞·ªõng,6842a75a,500,14,30,600,9000,350,12,493,3.0,1123.0,127.0
2025-06-06 15:39:41.397894,249.35253882408145,45.9,4.3,47,1.0239651416122004,0.19737,45,25,S,True,False,False,False,False,RUN,0.24,3.4,0.08,-0.47,166.30239630058054,‚ùî Kh√¥ng r√µ thi√™n h∆∞·ªõng,6842a75a,500,14,30,600,9000,350,12,493,3.0,1123.0,127.0
2025-06-06 15:39:42.010632,249.9612843990326,48.2,12.4,47,0.975103734439834,0.5976800000000001,45,25,S,False,False,False,False,False,RUN,-0.71,13.42,0.0,33.44,3.0284733130367005,‚ùî Kh√¥ng r√µ thi√™n h∆∞·ªõng,6842a75a,500,14,30,600,9000,350,12,493,3.0,1123.0,127.0
2025-06-06 15:39:42.618124,250.57040333747864,49.5,10.6,43,0.8686868686868687,0.5246999999999999,45,25,S,False,False,False,False,False,RUN,0.27,0.71,0.08,19.61,-20.587153081099228,‚ùî Kh√¥ng r√µ thi√™n h∆∞·ªõng,6842a75a,500,14,30,600,9000,350,12,493,3.0,1123.0,127.0
2025-06-06 15:39:43.186333,251.13734316825867,48.3,2.3,36,0.7453416149068324,0.11109,45,25,S,True,False,False,False,False,RUN,0.33,2.41,0.05,-0.36,164.29584618680693,‚ùî Kh√¥ng r√µ thi√™n h∆∞·ªõng,6842a75a,500,14,30,600,9000,350,12,493,3.0,1123.0,127.0
2025-06-06 15:39:43.749563,251.69852304458615,45.5,5.9,58,1.2747252747252746,0.2684499999999999,45,25,S,False,False,False,False,False,RUN,-2.23,14.63,-0.18,34.86,8.370842278545622,‚ùî Kh√¥ng r√µ thi√™n h∆∞·ªõng,6842a75a,500,14,30,600,9000,350,12,493,3.0,1123.0,127.0
2025-06-06 15:39:44.314439,252.2654449939728,45.9,18.6,75,1.6339869281045751,0.85374,45,25,S,False,False,False,False,False,RUN,-1.41,15.46,-0.3,26.87,4.571462908673239,‚ùî Kh√¥ng r√µ thi√™n h∆∞·ªõng,6842a75a,500,14,30,600,9000,350,12,493,3.0,1123.0,127.0
2025-06-06 15:39:44.915849,252.85829067230225,49.4,13.2,77,1.5587044534412955,0.6520799999999999,45,25,S,False,False,False,False,False,RUN,0.76,2.09,0.1,1.85,-16.88904846298287,‚ùî Kh√¥ng r√µ thi√™n h∆∞·ªõng,6842a75a,500,14,30,600,9000,350,12,493,3.0,1123.0,127.0
2025-06-06 15:39:45.479004,253.43050861358645,49.5,6.3,87,1.7575757575757576,0.3118499999999999,45,25,S,False,False,False,False,False,RUN,0.58,9.37,-0.04,20.95,-3.651466272378222,‚ùî Kh√¥ng r√µ thi√™n h∆∞·ªõng,6842a75a,500,14,30,600,9000,350,12,493,3.0,1123.0,127.0
2025-06-06 15:39:46.029084,253.98620533943176,48.1,5.3,81,1.683991683991684,0.25493,45,25,S,True,False,False,False,False,RUN,0.28,3.32,0.02,-1.13,174.16525519912204,‚ùî Kh√¥ng r√µ thi√™n h∆∞·ªõng,6842a75a,500,14,30,600,9000,350,12,493,3.0,1123.0,127.0
2025-06-06 15:39:46.595966,254.5503249168396,49.7,1.8,75,1.5090543259557343,0.08946,45,25,S,False,False,False,False,False,RUN,0.36,3.9,-0.04,3.89,-5.863034880149596,‚ùî Kh√¥ng r√µ thi√™n h∆∞·ªõng,6842a75a,500,14,30,600,9000,350,12,493,3.0,1123.0,127.0
2025-06-06 15:39:47.147710,255.10309886932373,49.8,-0.5,66,1.3253012048192772,-0.0249,45,25,S,True,False,False,False,False,RUN,0.3,1.71,-0.06,-2.56,171.39199733858615,üöÄ T·ªëc ƒë·ªô cao (field weakening),6842a75a,500,14,30,600,9000,350,12,493,3.0,1123.0,127.0
2025-06-06 15:39:47.730050,255.68013882637024,49.8,-0.4,54,1.0843373493975903,-0.01992,45,25,S,True,False,False,False,False,RUN,0.49,1.19,0.03,-2.13,156.81293549293807,‚ùî Kh√¥ng r√µ thi√™n h∆∞·ªõng,6842a75a,500,14,30,600,9000,350,12,493,3.0,1123.0,127.0
2025-06-06 15:39:48.285381,256.239825963974,49.4,-0.6,57,1.153846153846154,-0.0296399999999999,45,25,S,False,False,False,False,False,RUN,1.09,7.85,0.08,12.1,-7.526364059890215,‚ùî Kh√¥ng r√µ thi√™n h∆∞·ªõng,6842a75a,500,14,30,600,9000,350,12,493,3.0,1123.0,127.0
2025-06-06 15:39:48.863458,256.8118295669556,49.6,4.3,60,1.2096774193548387,0.21328,46,25,S,True,False,False,False,False,RUN,0.55,1.77,0.02,-0.75,161.2106541861743,‚ùî Kh√¥ng r√µ thi√™n h∆∞·ªõng,6842a75a,500,14,30,600,9000,350,12,493,3.0,1123.0,127.0
2025-06-06 15:39:49.430454,257.38292050361633,49.8,-0.4,53,1.06425702811245,-0.01992,45,25,S,True,False,False,False,False,RUN,0.45,1.3,0.01,-0.67,160.05141060324766,‚ùî Kh√¥ng r√µ thi√™n h∆∞·ªõng,6842a75a,500,14,30,600,9000,350,12,493,3.0,1123.0,127.0
2025-06-06 15:39:49.987817,257.9379665851593,49.8,-0.3,45,0.9036144578313252,-0.0149399999999999,45,25,S,True,False,False,False,False,RUN,0.07,1.06,-0.02,-0.53,178.3828817810648,‚ùî Kh√¥ng r√µ thi√™n h∆∞·ªõng,6842a75a,500,14,30,600,9000,350,12,493,3.0,1123.0,127.0
2025-06-06 15:39:50.567783,258.51754236221313,49.8,-0.2,31,0.6224899598393575,-0.00996,45,25,S,True,False,False,False,False,RUN,-0.05,0.4,-0.02,-0.37,-169.7809255921811,‚ùî Kh√¥ng r√µ thi√™n h∆∞·ªõng,6842a75a,500,14,30,600,9000,350,12,493,3.0,1123.0,127.0
2025-06-06 15:39:51.139057,259.09060430526733,49.8,-0.1,19,0.3815261044176707,-0.00498,45,25,S,True,False,False,False,False,RUN,0.0,0.0,-0.01,-0.25,0.0,‚ùî Kh√¥ng r√µ thi√™n h∆∞·ªõng,6842a75a,500,14,30,600,9000,350,12,493,3.0,1123.0,127.0
2025-06-06 15:39:51.703896,259.66238141059875,49.9,-0.1,0,0.0,-0.00499,45,25,S,False,False,False,False,False,RUN,0.01,0.06,0.0,-0.01,170.53767779197435,‚ùî Kh√¥ng r√µ thi√™n h∆∞·ªõng,6842a75a,500,14,30,600,9000,350,12,493,3.0,1123.0,127.0
2025-06-06 15:39:52.271441,260.22693610191345,49.8,0.0,0,0.0,0.0,45,25,S,False,False,False,False,False,RUN,0.04,-0.01,0.0,-0.01,75.96375653207352,‚ùî Kh√¥ng r√µ thi√™n h∆∞·ªõng,6842a75a,500,14,30,600,9000,350,12,0,3.0,1123.0,127.0
2025-06-06 15:39:52.829951,260.7827308177948,49.9,0.0,0,0.0,0.0,45,25,S,False,False,False,False,False,IDLE,-0.04,-0.03,0.0,0.0,0.0,‚ùî Kh√¥ng r√µ thi√™n h∆∞·ªõng,6842a75a,500,14,30,600,9000,350,12,0,3.0,1123.0,127.0
2025-06-06 15:39:53.380314,261.3329691886902,49.9,-0.1,0,0.0,-0.00499,45,25,S,False,False,False,False,False,IDLE,-0.04,-0.03,0.0,0.0,0.0,‚ùî Kh√¥ng r√µ thi√™n h∆∞·ªõng,6842a75a,500,14,30,600,9000,350,12,0,3.0,1123.0,127.0
2025-06-06 15:39:53.934836,261.88470935821533,49.9,-0.1,0,0.0,-0.00499,45,25,S,False,False,False,False,False,IDLE,-0.04,-0.03,0.0,0.0,0.0,‚ùî Kh√¥ng r√µ thi√™n h∆∞·ªõng,6842a75a,500,14,30,600,9000,350,12,0,3.0,1123.0,127.0
2025-06-06 15:39:54.516876,262.4672977924347,49.9,-0.1,0,0.0,-0.00499,45,25,S,False,False,False,False,False,IDLE,-0.04,-0.03,0.0,0.0,0.0,‚ùî Kh√¥ng r√µ thi√™n h∆∞·ªõng,6842a75a,500,14,30,600,9000,350,12,0,3.0,1123.0,127.0
2025-06-06 15:39:55.081635,263.0326554775238,49.9,-0.1,0,0.0,-0.00499,45,25,S,False,False,False,False,False,IDLE,-0.04,-0.03,0.0,0.0,0.0,‚ùî Kh√¥ng r√µ thi√™n h∆∞·ªõng,6842a75a,500,14,30,600,9000,350,12,0,3.0,1123.0,127.0
2025-06-06 15:39:55.688915,263.6395423412323,49.9,-0.1,0,0.0,-0.00499,45,25,S,False,False,False,False,False,IDLE,-0.04,-0.03,0.0,0.0,0.0,‚ùî Kh√¥ng r√µ thi√™n h∆∞·ªõng,6842a75a,500,14,30,600,9000,350,12,0,3.0,1123.0,127.0
2025-06-06 15:39:56.341201,264.2898371219635,50.0,-0.1,0,0.0,-0.005,45,25,S,False,False,False,False,False,IDLE,-0.04,-0.03,0.0,0.0,0.0,‚ùî Kh√¥ng r√µ thi√™n h∆∞·ªõng,6842a75a,500,14,30,600,9000,350,12,0,3.0,1123.0,127.0
2025-06-06 15:39:56.924863,264.8799533843994,50.0,-0.2,0,0.0,-0.01,45,25,S,False,False,False,False,False,IDLE,-0.04,-0.03,0.0,0.0,0.0,‚ùî Kh√¥ng r√µ thi√™n h∆∞·ªõng,6842a75a,500,14,30,600,9000,350,12,0,3.0,1123.0,127.0
2025-06-06 15:39:57.495189,265.4489758014679,50.0,-0.1,0,0.0,-0.005,45,25,S,False,False,False,False,False,IDLE,-0.04,-0.03,0.0,0.0,0.0,‚ùî Kh√¥ng r√µ thi√™n h∆∞·ªõng,6842a75a,500,14,30,600,9000,350,12,0,3.0,1123.0,127.0
2025-06-06 15:39:58.043911,265.996776342392,50.0,-0.2,0,0.0,-0.01,45,25,S,False,False,False,False,False,IDLE,-0.04,-0.03,0.0,0.0,0.0,‚ùî Kh√¥ng r√µ thi√™n h∆∞·ªõng,6842a75a,500,14,30,600,9000,350,12,0,3.0,1123.0,127.0
2025-06-06 15:39:58.599817,266.5522153377533,50.0,-0.2,0,0.0,-0.01,45,25,S,False,False,False,False,False,IDLE,-0.04,-0.03,0.0,0.0,0.0,‚ùî Kh√¥ng r√µ thi√™n h∆∞·ªõng,6842a75a,500,14,30,600,9000,350,12,0,3.0,1123.0,127.0
2025-06-06 15:39:59.195588,267.1490385532379,50.0,-0.2,0,0.0,-0.01,45,25,S,False,False,False,False,False,IDLE,-0.04,-0.03,0.0,0.0,0.0,‚ùî Kh√¥ng r√µ thi√™n h∆∞·ªõng,6842a75a,500,14,30,600,9000,350,12,0,3.0,1123.0,127.0
2025-06-06 15:39:59.761398,267.7077898979187,50.0,-0.2,0,0.0,-0.01,45,25,S,False,False,False,False,False,IDLE,-0.04,-0.03,0.0,0.0,0.0,‚ùî Kh√¥ng r√µ thi√™n h∆∞·ªõng,6842a75a,500,14,30,600,9000,350,12,0,3.0,1123.0,127.0
2025-06-06 15:40:00.401414,268.34973216056824,50.0,-0.2,0,0.0,-0.01,45,25,S,False,False,False,False,False,IDLE,-0.04,-0.03,0.0,0.0,0.0,‚ùî Kh√¥ng r√µ thi√™n h∆∞·ªõng,6842a75a,500,14,30,600,9000,350,12,0,3.0,1123.0,127.0
2025-06-06 15:40:00.970142,268.9212040901184,50.0,-0.2,0,0.0,-0.01,45,25,S,False,False,False,False,False,IDLE,-0.04,-0.03,0.0,0.0,0.0,‚ùî Kh√¥ng r√µ thi√™n h∆∞·ªõng,6842a75a,500,14,30,600,9000,350,12,0,3.0,1123.0,127.0
2025-06-06 15:40:01.552807,269.5050780773163,50.0,-0.2,0,0.0,-0.01,45,25,S,False,False,False,False,False,IDLE,-0.04,-0.03,0.0,0.0,0.0,‚ùî Kh√¥ng r√µ thi√™n h∆∞·ªõng,6842a75a,500,14,30,600,9000,350,12,0,3.0,1123.0,127.0
2025-06-06 15:40:02.205998,270.1545503139496,50.0,-0.2,0,0.0,-0.01,45,25,S,False,False,False,False,False,IDLE,-0.04,-0.03,0.0,0.0,0.0,‚ùî Kh√¥ng r√µ thi√™n h∆∞·ªõng,6842a75a,500,14,30,600,9000,350,12,0,3.0,1123.0,127.0
2025-06-06 15:40:02.835453,270.7882287502289,50.0,-0.2,0,0.0,-0.01,45,25,S,False,False,False,False,False,IDLE,-0.04,-0.03,0.0,0.0,0.0,‚ùî Kh√¥ng r√µ thi√™n h∆∞·ªõng,6842a75a,500,14,30,600,9000,350,12,0,3.0,1123.0,127.0
2025-06-06 15:40:03.394991,271.34848833084106,50.0,-0.2,0,0.0,-0.01,45,25,S,False,False,False,False,False,IDLE,-0.04,-0.03,0.0,0.0,0.0,‚ùî Kh√¥ng r√µ thi√™n h∆∞·ªõng,6842a75a,500,14,30,600,9000,350,12,0,3.0,1123.0,127.0
2025-06-06 15:40:03.962140,271.91295647621155,50.0,-0.2,0,0.0,-0.01,45,25,S,False,False,False,False,False,IDLE,-0.04,-0.03,0.0,0.0,0.0,‚ùî Kh√¥ng r√µ thi√™n h∆∞·ªõng,6842a75a,500,14,30,600,9000,350,12,0,3.0,1123.0,127.0
2025-06-06 15:40:04.543122,272.4911048412323,50.0,-0.2,0,0.0,-0.01,45,25,S,False,False,False,False,False,IDLE,-0.04,-0.03,0.0,0.0,0.0,‚ùî Kh√¥ng r√µ thi√™n h∆∞·ªõng,6842a75a,500,14,30,600,9000,350,12,0,3.0,1123.0,127.0
2025-06-06 15:40:05.247988,273.19836258888245,50.0,-0.2,0,0.0,-0.01,45,25,S,False,False,False,False,False,IDLE,-0.04,-0.03,0.0,0.0,0.0,‚ùî Kh√¥ng r√µ thi√™n h∆∞·ªõng,6842a75a,500,14,30,600,9000,350,12,0,3.0,1123.0,127.0
2025-06-06 15:40:05.815773,273.7654592990875,50.0,-0.2,0,0.0,-0.01,45,25,S,False,False,False,False,False,IDLE,-0.04,-0.03,0.0,0.0,0.0,‚ùî Kh√¥ng r√µ thi√™n h∆∞·ªõng,6842a75a,500,14,30,600,9000,350,12,0,3.0,1123.0,127.0
2025-06-06 15:40:06.381991,274.3273355960846,50.0,-0.2,0,0.0,-0.01,45,25,S,False,False,False,False,False,IDLE,-0.04,-0.03,0.0,0.0,0.0,‚ùî Kh√¥ng r√µ thi√™n h∆∞·ªõng,6842a75a,500,14,30,600,9000,350,12,0,3.0,1123.0,127.0
2025-06-06 15:40:07.029332,274.98347568511963,50.1,-0.2,0,0.0,-0.01002,45,25,S,False,False,False,False,False,IDLE,-0.04,-0.03,0.0,0.0,0.0,‚ùî Kh√¥ng r√µ thi√™n h∆∞·ªõng,6842a75a,500,14,30,600,9000,350,12,0,3.0,1123.0,127.0
2025-06-06 15:40:07.664124,275.6142194271088,50.1,-0.2,0,0.0,-0.01002,45,25,S,False,False,False,False,False,IDLE,-0.04,-0.03,0.0,0.0,0.0,‚ùî Kh√¥ng r√µ thi√™n h∆∞·ªõng,6842a75a,500,14,30,600,9000,350,12,0,3.0,1123.0,127.0
2025-06-06 15:40:08.241477,276.18861746788025,50.1,-0.2,0,0.0,-0.01002,45,25,S,False,False,False,False,False,IDLE,-0.04,-0.03,0.0,0.0,0.0,‚ùî Kh√¥ng r√µ thi√™n h∆∞·ªõng,6842a75a,500,14,30,600,9000,350,12,0,3.0,1123.0,127.0
2025-06-06 15:40:08.857829,276.80896067619324,50.1,-0.2,0,0.0,-0.01002,45,25,S,False,False,False,False,False,IDLE,-0.04,-0.03,0.0,0.0,0.0,‚ùî Kh√¥ng r√µ thi√™n h∆∞·ªõng,6842a75a,500,14,30,600,9000,350,12,0,3.0,1123.0,127.0
